{
  "cookies_1": {
    "Dataset": "cookies_1",
    "Baseline Dataset": "cookies_1",
    "Baseline F1 ALL": 0.88268156424581,
    "Baseline F1 NO ANOMALY": 1.0,
    "Baseline F1 EASY": 1.0,
    "Baseline F1 MEDIUM": 1.0,
    "Baseline F1 HARD": 0.27586206896551724,
    "Baseline Time (ms)": 39.214537143707275,
    "Baseline RAM (KB)": 0.31296875,
    "Baseline EI Dataset": "cookies_1",
    "Baseline EI F1 ALL": 0.8764044943820225,
    "Baseline EI F1 NO ANOMALY": 1.0,
    "Baseline EI F1 EASY": 1.0,
    "Baseline EI F1 MEDIUM": 1.0,
    "Baseline EI F1 HARD": 0.21428571428571427,
    "Baseline EI Time (ms)": 30.69507360458374,
    "Baseline EI RAM (KB)": 0.4940625,
    "EfficientAD Dataset": "cookies_1",
    "EfficientAD F1 ALL": 0.9313725490196079,
    "EfficientAD F1 NO ANOMALY": 0.9528795811518325,
    "EfficientAD F1 EASY": 1.0,
    "EfficientAD F1 MEDIUM": 1.0,
    "EfficientAD F1 HARD": 0.8888888888888888,
    "EfficientAD Time (ms)": 282.7459120750427,
    "EfficientAD RAM (KB)": 7018.0,
    "FOMOAD Dataset": "cookies_1",
    "FOMOAD F1 ALL": 0.657439446366782,
    "FOMOAD F1 NO ANOMALY": 0.11320754716981132,
    "FOMOAD F1 EASY": 1.0,
    "FOMOAD F1 MEDIUM": 1.0,
    "FOMOAD F1 HARD": 0.8888888888888888,
    "FOMOAD Time (ms)": 33.04176449775696,
    "FOMOAD RAM (KB)": 2.6734375
  },
  "cookies_2": {
    "Dataset": "cookies_2",
    "Baseline Dataset": "cookies_2",
    "Baseline F1 ALL": 0.8804347826086957,
    "Baseline F1 NO ANOMALY": 0.9847715736040609,
    "Baseline F1 EASY": 1.0,
    "Baseline F1 MEDIUM": 1.0,
    "Baseline F1 HARD": 0.3870967741935484,
    "Baseline Time (ms)": 42.1266233921051,
    "Baseline RAM (KB)": -0.5303125,
    "Baseline EI Dataset": "cookies_2",
    "Baseline EI F1 ALL": 0.8930232558139535,
    "Baseline EI F1 NO ANOMALY": 0.8950276243093923,
    "Baseline EI F1 EASY": 1.0,
    "Baseline EI F1 MEDIUM": 1.0,
    "Baseline EI F1 HARD": 0.9130434782608695,
    "Baseline EI Time (ms)": 31.067293882369995,
    "Baseline EI RAM (KB)": -0.080703125,
    "EfficientAD Dataset": "cookies_2",
    "EfficientAD F1 ALL": 0.9950248756218906,
    "EfficientAD F1 NO ANOMALY": 0.9949748743718593,
    "EfficientAD F1 EASY": 1.0,
    "EfficientAD F1 MEDIUM": 1.0,
    "EfficientAD F1 HARD": 1.0,
    "EfficientAD Time (ms)": 287.5954735279083,
    "EfficientAD RAM (KB)": 1595.84,
    "FOMOAD Dataset": "cookies_2",
    "FOMOAD F1 ALL": 0.7017543859649122,
    "FOMOAD F1 NO ANOMALY": 0.2608695652173913,
    "FOMOAD F1 EASY": 1.0,
    "FOMOAD F1 MEDIUM": 1.0,
    "FOMOAD F1 HARD": 1.0,
    "FOMOAD Time (ms)": 34.266475439071655,
    "FOMOAD RAM (KB)": 0.273515625
  },
  "cookies_3": {
    "Dataset": "cookies_3",
    "Baseline Dataset": "cookies_3",
    "Baseline F1 ALL": 0.8888888888888888,
    "Baseline F1 NO ANOMALY": 1.0,
    "Baseline F1 EASY": 1.0,
    "Baseline F1 MEDIUM": 1.0,
    "Baseline F1 HARD": 0.3333333333333333,
    "Baseline Time (ms)": 43.91956806182861,
    "Baseline RAM (KB)": -0.072734375,
    "Baseline EI Dataset": "cookies_3",
    "Baseline EI F1 ALL": 0.9847715736040609,
    "Baseline EI F1 NO ANOMALY": 1.0,
    "Baseline EI F1 EASY": 1.0,
    "Baseline EI F1 MEDIUM": 1.0,
    "Baseline EI F1 HARD": 0.9361702127659575,
    "Baseline EI Time (ms)": 32.46497631072998,
    "Baseline EI RAM (KB)": -0.08390625,
    "EfficientAD Dataset": "cookies_3",
    "EfficientAD F1 ALL": 0.9949748743718593,
    "EfficientAD F1 NO ANOMALY": 1.0,
    "EfficientAD F1 EASY": 1.0,
    "EfficientAD F1 MEDIUM": 1.0,
    "EfficientAD F1 HARD": 0.9795918367346939,
    "EfficientAD Time (ms)": 301.7000687122345,
    "EfficientAD RAM (KB)": 1098.32,
    "FOMOAD Dataset": "cookies_3",
    "FOMOAD F1 ALL": 0.6666666666666666,
    "FOMOAD F1 NO ANOMALY": 0.0,
    "FOMOAD F1 EASY": 1.0,
    "FOMOAD F1 MEDIUM": 1.0,
    "FOMOAD F1 HARD": 1.0,
    "FOMOAD Time (ms)": 35.943729877471924,
    "FOMOAD RAM (KB)": -0.18328125
  }
}
