{"cookies_1": {"Dataset": "cookies_1", "Baseline Dataset": "cookies_1", "Baseline F1 ALL": 0.88268156424581, "Baseline F1 NO ANOMALY": 1.0, "Baseline F1 EASY": 1.0, "Baseline F1 MEDIUM": 1.0, "Baseline F1 HARD": 0.27586206896551724, "Baseline Time (ms)": 43.89970421791077, "Baseline RAM (KB)": 0.132109375, "Baseline EI Dataset": "cookies_1", "Baseline EI F1 ALL": 0.8777777777777778, "Baseline EI F1 NO ANOMALY": 0.9949748743718593, "Baseline EI F1 EASY": 1.0, "Baseline EI F1 MEDIUM": 1.0, "Baseline EI F1 HARD": 0.27586206896551724, "Baseline EI Time (ms)": 35.32063007354736, "Baseline EI RAM (KB)": 0.440625, "EfficientAD Dataset": "cookies_1", "EfficientAD F1 ALL": 0.9313725490196079, "EfficientAD F1 NO ANOMALY": 0.9528795811518325, "EfficientAD F1 EASY": 1.0, "EfficientAD F1 MEDIUM": 1.0, "EfficientAD F1 HARD": 0.8888888888888888, "EfficientAD Time (ms)": 299.6868145465851, "EfficientAD RAM (KB)": 8231.44, "FOMOAD Dataset": "cookies_1", "FOMOAD F1 ALL": 0.9430051813471503, "FOMOAD F1 NO ANOMALY": 0.98989898989899, "FOMOAD F1 EASY": 1.0, "FOMOAD F1 MEDIUM": 1.0, "FOMOAD F1 HARD": 0.7804878048780488, "FOMOAD Time (ms)": 34.03317451477051, "FOMOAD RAM (KB)": 2.381328125}, "cookies_2": {"Dataset": "cookies_2", "Baseline Dataset": "cookies_2", "Baseline F1 ALL": 0.8804347826086957, "Baseline F1 NO ANOMALY": 0.9847715736040609, "Baseline F1 EASY": 1.0, "Baseline F1 MEDIUM": 1.0, "Baseline F1 HARD": 0.3870967741935484, "Baseline Time (ms)": 48.81473422050476, "Baseline RAM (KB)": -0.298671875, "Baseline EI Dataset": "cookies_2", "Baseline EI F1 ALL": 0.8785046728971962, "Baseline EI F1 NO ANOMALY": 0.8888888888888888, "Baseline EI F1 EASY": 1.0, "Baseline EI F1 MEDIUM": 1.0, "Baseline EI F1 HARD": 0.8636363636363636, "Baseline EI Time (ms)": 40.96930265426636, "Baseline EI RAM (KB)": -0.8575, "EfficientAD Dataset": "cookies_2", "EfficientAD F1 ALL": 0.9950248756218906, "EfficientAD F1 NO ANOMALY": 0.9949748743718593, "EfficientAD F1 EASY": 1.0, "EfficientAD F1 MEDIUM": 1.0, "EfficientAD F1 HARD": 1.0, "EfficientAD Time (ms)": 319.9517095088959, "EfficientAD RAM (KB)": 284.24, "FOMOAD Dataset": "cookies_2", "FOMOAD F1 ALL": 0.9801980198019802, "FOMOAD F1 NO ANOMALY": 0.9847715736040609, "FOMOAD F1 EASY": 1.0, "FOMOAD F1 MEDIUM": 1.0, "FOMOAD F1 HARD": 0.9795918367346939, "FOMOAD Time (ms)": 38.63482713699341, "FOMOAD RAM (KB)": -0.465625}, "cookies_3": {"Dataset": "cookies_3", "Baseline Dataset": "cookies_3", "Baseline F1 ALL": 0.8888888888888888, "Baseline F1 NO ANOMALY": 1.0, "Baseline F1 EASY": 1.0, "Baseline F1 MEDIUM": 1.0, "Baseline F1 HARD": 0.3333333333333333, "Baseline Time (ms)": 47.01829433441162, "Baseline RAM (KB)": -0.63421875, "Baseline EI Dataset": "cookies_3", "Baseline EI F1 ALL": 0.93048128342246, "Baseline EI F1 NO ANOMALY": 1.0, "Baseline EI F1 EASY": 1.0, "Baseline EI F1 MEDIUM": 1.0, "Baseline EI F1 HARD": 0.6486486486486487, "Baseline EI Time (ms)": 38.26968789100647, "Baseline EI RAM (KB)": -0.221015625, "EfficientAD Dataset": "cookies_3", "EfficientAD F1 ALL": 0.9949748743718593, "EfficientAD F1 NO ANOMALY": 1.0, "EfficientAD F1 EASY": 1.0, "EfficientAD F1 MEDIUM": 1.0, "EfficientAD F1 HARD": 0.9795918367346939, "EfficientAD Time (ms)": 319.85402822494507, "EfficientAD RAM (KB)": 3025.52, "FOMOAD Dataset": "cookies_3", "FOMOAD F1 ALL": 0.98989898989899, "FOMOAD F1 NO ANOMALY": 1.0, "FOMOAD F1 EASY": 1.0, "FOMOAD F1 MEDIUM": 1.0, "FOMOAD F1 HARD": 0.9583333333333334, "FOMOAD Time (ms)": 40.20677328109741, "FOMOAD RAM (KB)": 0.07921875}}